"Int64Index([8292, 12170, 26974, 34261, 35597], dtype='int64')"
"Int64Index([126, 93, 32, 9770, 103], dtype='int64')"
"Int64Index([25728, 17636, 35081, 25230, 26884], dtype='int64')"
"Int64Index([17415, 30483, 10545, 26538, 2156], dtype='int64')"
"Int64Index([3853, 516, 236, 515, 679], dtype='int64')"
"Int64Index([155, 19345, 765, 980, 1981], dtype='int64')"
"Int64Index([33876, 8348, 16559, 4360, 30402], dtype='int64')"
"Int64Index([2730, 7236, 468, 17308, 27057], dtype='int64')"
"Int64Index([34790, 15921, 10803, 3335, 3950], dtype='int64')"
"Int64Index([27159, 585, 20979, 7083, 13825], dtype='int64')"
"Int64Index([840, 33899, 25412, 2370, 12837], dtype='int64')"
"Int64Index([5508, 36605, 26884, 9958, 5744], dtype='int64')"
"Int64Index([1419, 24147, 36605, 26884, 34249], dtype='int64')"
"Int64Index([19369, 139, 14897, 35658, 482], dtype='int64')"
"Int64Index([22540, 1432, 26313, 21517, 26756], dtype='int64')"
"Int64Index([26341, 35267, 28156, 35780, 35321], dtype='int64')"
"Int64Index([20388, 99, 8331, 10412, 2790], dtype='int64')"
"Int64Index([33132, 31615, 18545, 34113, 30997], dtype='int64')"
"Int64Index([31430, 8180, 172, 2148, 223], dtype='int64')"
"Int64Index([5345, 25789, 16567, 7556, 3637], dtype='int64')"
"Int64Index([2600, 34601, 34778, 4163, 28271], dtype='int64')"
"Int64Index([4862, 34245, 29932, 29816, 3796], dtype='int64')"
"Int64Index([5037, 31200, 24700, 12283, 16338], dtype='int64')"
"Int64Index([819, 260, 185, 23998, 4978], dtype='int64')"
"Int64Index([31595, 29296, 21106, 24788, 1733], dtype='int64')"
"Int64Index([4402, 2196, 17753, 89, 10288], dtype='int64')"
"Int64Index([7075, 9863, 8954, 13583, 26622], dtype='int64')"
"Int64Index([33430, 26355, 1062, 587, 19636], dtype='int64')"
"Int64Index([17632, 4459, 16013, 33060, 31505], dtype='int64')"
"Int64Index([711, 8291, 32092, 5309, 9233], dtype='int64')"
"Int64Index([32894, 9349, 7383, 6160, 22322], dtype='int64')"
"Int64Index([18907, 16671, 4451, 4516, 19122], dtype='int64')"
"Int64Index([17495, 9958, 36605, 14983, 26884], dtype='int64')"
"Int64Index([112, 9608, 23822, 28909, 6178], dtype='int64')"
"Int64Index([203, 26845, 35552, 28897, 12603], dtype='int64')"
"Int64Index([965, 1720, 6995, 13315, 1933], dtype='int64')"
"Int64Index([27181, 30140, 27833, 24350, 28354], dtype='int64')"
"Int64Index([4587, 19183, 11430, 36961, 2639], dtype='int64')"
"Int64Index([951, 5508, 26884, 36605, 14162], dtype='int64')"
"Int64Index([23204, 24930, 27438, 12215, 15251], dtype='int64')"
"Int64Index([5027, 28766, 3261, 28577, 3619], dtype='int64')"
"Int64Index([11900, 26070, 4773, 27563, 10921], dtype='int64')"
"Int64Index([151, 330, 10610, 1294, 6928], dtype='int64')"
"Int64Index([37114, 11694, 20073, 23437, 27742], dtype='int64')"
"Int64Index([21624, 3472, 20592, 3971, 4224], dtype='int64')"
"Int64Index([12843, 11613, 32627, 3349, 21702], dtype='int64')"
"Int64Index([18702, 33933, 22526, 1747, 5478], dtype='int64')"
"Int64Index([32435, 12633, 26400, 31549, 24537], dtype='int64')"
"Int64Index([25673, 32390, 16667, 5052, 28036], dtype='int64')"
"Int64Index([31094, 19390, 9992, 19488, 1309], dtype='int64')"
